turbine_id,line_id,section_id,diameter,length,mass,thickness,cost_rate
   1,  A,  chain_bottom   ,  0.107,  240.3,    0.0, 0, 0
  35,  C,  chain_bottom   ,  0.107,  216.0,    0.0, 0, 0
  36,  C,  chain_bottom   ,  0.107,  215.4,    0.0, 0, 0
  21,  A,  chain_bottom   ,  0.107,  256.8,    0.0, 0, 0
  34,  C,  chain_bottom   ,  0.107,  214.6,    0.0, 0, 0
  36,  C,  chain_top      ,  0.107,  157.7,    0.0, 0, 0
  35,  C,  chain_top      ,  0.107,  158.0,    0.0, 0, 0
  34,  C,  chain_top      ,  0.107,  157.4,    0.0, 0, 0
  34,  C,  chain_bottom   ,  0.107,  214.6,    0.0, 0, 0
  36,  C,  chain_bottom   ,  0.107,  215.4,    0.0, 0, 0
  21,  A,  chain_bottom   ,  0.107,  256.8,    0.0, 0, 0
   1,  B,  chain_bottom   ,  0.107,  222.9,    0.0, 0, 0
  40,  A,  chain_top      ,  0.107,  182.7,    0.0, 0, 0
  40,  A,  chain_bottom   ,  0.107,  255.6,    0.0, 0, 0
   1,  B,  chain_top      ,  0.107,  161.5,    0.0, 0, 0
   2,  C,  chain_top      ,  0.107,  156.8,    0.0, 0, 0
   2,  C,  chain_top      ,  0.107,  156.8,    0.0, 0, 0
   1,  B,  chain_top      ,  0.107,  161.5,    0.0, 0, 0
  40,  A,  chain_top      ,  0.107,  182.7,    0.0, 0, 0
   2,  C,  chain_bottom   ,  0.107,  213.4,    0.0, 0, 0
  36,  C,  chain_top      ,  0.107,  157.7,    0.0, 0, 0
  21,  A,  chain_top      ,  0.107,  183.7,    0.0, 0, 0
  34,  C,  chain_top      ,  0.107,  157.4,    0.0, 0, 0
  35,  B,  chain_bottom   ,  0.107,  230.7,    0.0, 0, 0
  39,  A,  chain_bottom   ,  0.107,  261.1,    0.0, 0, 0
  39,  A,  chain_top      ,  0.107,  187.3,    0.0, 0, 0
  25,  A,  chain_top      ,  0.107,  187.8,    0.0, 0, 0
  25,  A,  chain_bottom   ,  0.107,  261.5,    0.0, 0, 0
  39,  A,  chain_bottom   ,  0.107,  261.1,    0.0, 0, 0
  22,  A,  chain_bottom   ,  0.107,  261.3,    0.0, 0, 0
  22,  A,  chain_bottom   ,  0.107,  261.3,    0.0, 0, 0
  25,  A,  chain_bottom   ,  0.107,  261.5,    0.0, 0, 0
  39,  A,  chain_top      ,  0.107,  187.3,    0.0, 0, 0
  25,  A,  chain_top      ,  0.107,  187.8,    0.0, 0, 0
  22,  A,  chain_top      ,  0.107,  187.6,    0.0, 0, 0
  26,  A,  chain_top      ,  0.107,  185.5,    0.0, 0, 0
  26,  A,  chain_bottom   ,  0.107,  258.9,    0.0, 0, 0
  26,  A,  chain_bottom   ,  0.107,  258.9,    0.0, 0, 0
  26,  A,  chain_top      ,  0.107,  185.5,    0.0, 0, 0
  21,  A,  chain_top      ,  0.107,  183.7,    0.0, 0, 0
  35,  C,  chain_top      ,  0.107,  158.0,    0.0, 0, 0
  35,  C,  chain_bottom   ,  0.107,  216.0,    0.0, 0, 0
  40,  A,  chain_bottom   ,  0.107,  255.6,    0.0, 0, 0
   1,  B,  chain_bottom   ,  0.107,  222.9,    0.0, 0, 0
   2,  C,  chain_bottom   ,  0.107,  213.4,    0.0, 0, 0
   2,  B,  chain_bottom   ,  0.107,  222.0,    0.0, 0, 0
  40,  C,  chain_bottom   ,  0.107,  282.3,    0.0, 0, 0
  27,  A,  chain_top      ,  0.107,  174.0,    0.0, 0, 0
  27,  A,  chain_top      ,  0.107,  174.0,    0.0, 0, 0
   5,  A,  chain_bottom   ,  0.107,  243.3,    0.0, 0, 0
  27,  A,  chain_bottom   ,  0.107,  243.9,    0.0, 0, 0
   5,  A,  chain_top      ,  0.107,  173.7,    0.0, 0, 0
   5,  A,  chain_top      ,  0.107,  173.7,    0.0, 0, 0
   5,  A,  chain_bottom   ,  0.107,  243.3,    0.0, 0, 0
  27,  A,  chain_bottom   ,  0.107,  243.9,    0.0, 0, 0
  22,  B,  chain_top      ,  0.107,  194.0,    0.0, 0, 0
  23,  B,  chain_top      ,  0.107,  194.6,    0.0, 0, 0
  25,  B,  chain_bottom   ,  0.107,  268.8,    0.0, 0, 0
  25,  B,  chain_top      ,  0.107,  194.5,    0.0, 0, 0
  23,  B,  chain_bottom   ,  0.107,  268.8,    0.0, 0, 0
  22,  B,  chain_bottom   ,  0.107,  268.2,    0.0, 0, 0
   7,  A,  chain_bottom   ,  0.107,  242.9,    0.0, 0, 0
   7,  A,  chain_bottom   ,  0.107,  242.9,    0.0, 0, 0
   7,  A,  chain_top      ,  0.107,  173.4,    0.0, 0, 0
   7,  A,  chain_top      ,  0.107,  173.4,    0.0, 0, 0
  40,  C,  chain_top      ,  0.107,  209.4,    0.0, 0, 0
  35,  B,  chain_top      ,  0.107,  165.8,    0.0, 0, 0
  40,  B,  chain_bottom   ,  0.107,  271.1,    0.0, 0, 0
   1,  C,  chain_top      ,  0.107,  152.8,    0.0, 0, 0
   2,  B,  chain_top      ,  0.107,  161.0,    0.0, 0, 0
   2,  B,  chain_bottom   ,  0.107,  222.0,    0.0, 0, 0
   3,  C,  chain_bottom   ,  0.107,  209.3,    0.0, 0, 0
   3,  C,  chain_top      ,  0.107,  155.0,    0.0, 0, 0
   3,  C,  chain_bottom   ,  0.107,  209.3,    0.0, 0, 0
   3,  C,  chain_top      ,  0.107,  155.0,    0.0, 0, 0
  39,  B,  chain_top      ,  0.107,  199.5,    0.0, 0, 0
  39,  B,  chain_bottom   ,  0.107,  273.7,    0.0, 0, 0
   6,  A,  chain_top      ,  0.107,  178.4,    0.0, 0, 0
   6,  A,  chain_top      ,  0.107,  178.4,    0.0, 0, 0
   6,  A,  chain_bottom   ,  0.107,  250.0,    0.0, 0, 0
   6,  A,  chain_bottom   ,  0.107,  250.0,    0.0, 0, 0
   1,  C,  chain_bottom   ,  0.107,  204.2,    0.0, 0, 0
  20,  A,  chain_top      ,  0.107,  176.7,    0.0, 0, 0
   1,  C,  chain_top      ,  0.107,  152.8,    0.0, 0, 0
  20,  A,  chain_bottom   ,  0.107,  247.7,    0.0, 0, 0
  20,  A,  chain_bottom   ,  0.107,  247.7,    0.0, 0, 0
   1,  C,  chain_bottom   ,  0.107,  204.2,    0.0, 0, 0
  20,  A,  chain_top      ,  0.107,  176.7,    0.0, 0, 0
  40,  B,  chain_top      ,  0.107,  196.9,    0.0, 0, 0
  22,  A,  chain_top      ,  0.107,  187.6,    0.0, 0, 0
   2,  B,  chain_top      ,  0.107,  161.0,    0.0, 0, 0
  35,  B,  chain_top      ,  0.107,  165.8,    0.0, 0, 0
  10,  C,  chain_top      ,  0.107,  172.1,    0.0, 0, 0
  13,  B,  chain_bottom   ,  0.107,  256.2,    0.0, 0, 0
  10,  C,  chain_bottom   ,  0.107,  240.9,    0.0, 0, 0
  13,  B,  chain_top      ,  0.107,  183.3,    0.0, 0, 0
  13,  B,  chain_top      ,  0.107,  183.3,    0.0, 0, 0
  16,  C,  chain_top      ,  0.107,  171.2,    0.0, 0, 0
  16,  C,  chain_bottom   ,  0.107,  239.7,    0.0, 0, 0
  15,  C,  chain_bottom   ,  0.107,  237.9,    0.0, 0, 0
  13,  B,  chain_bottom   ,  0.107,  256.2,    0.0, 0, 0
   9,  C,  chain_bottom   ,  0.107,  238.3,    0.0, 0, 0
  15,  C,  chain_top      ,  0.107,  170.1,    0.0, 0, 0
  16,  C,  chain_top      ,  0.107,  171.2,    0.0, 0, 0
  16,  C,  chain_bottom   ,  0.107,  239.7,    0.0, 0, 0
  15,  C,  chain_top      ,  0.107,  170.1,    0.0, 0, 0
   9,  C,  chain_top      ,  0.107,  170.3,    0.0, 0, 0
   9,  C,  chain_bottom   ,  0.107,  238.3,    0.0, 0, 0
  34,  A,  chain_bottom   ,  0.107,  229.6,    0.0, 0, 0
  34,  A,  chain_top      ,  0.107,  165.1,    0.0, 0, 0
   9,  C,  chain_top      ,  0.107,  170.3,    0.0, 0, 0
  10,  C,  chain_bottom   ,  0.107,  240.9,    0.0, 0, 0
  10,  C,  chain_top      ,  0.107,  172.1,    0.0, 0, 0
  15,  B,  chain_bottom   ,  0.107,  257.5,    0.0, 0, 0
  35,  B,  chain_bottom   ,  0.107,  230.7,    0.0, 0, 0
   1,  A,  chain_bottom   ,  0.107,  240.3,    0.0, 0, 0
   1,  A,  chain_top      ,  0.107,  171.6,    0.0, 0, 0
   1,  A,  chain_top      ,  0.107,  171.6,    0.0, 0, 0
  33,  B,  chain_top      ,  0.107,  187.1,    0.0, 0, 0
  33,  B,  chain_bottom   ,  0.107,  260.7,    0.0, 0, 0
  14,  B,  chain_top      ,  0.107,  186.9,    0.0, 0, 0
  33,  B,  chain_bottom   ,  0.107,  260.7,    0.0, 0, 0
  14,  B,  chain_bottom   ,  0.107,  260.5,    0.0, 0, 0
   9,  A,  chain_top      ,  0.107,  169.8,    0.0, 0, 0
  33,  B,  chain_top      ,  0.107,  187.1,    0.0, 0, 0
   9,  A,  chain_top      ,  0.107,  169.8,    0.0, 0, 0
  14,  B,  chain_bottom   ,  0.107,  260.5,    0.0, 0, 0
   9,  A,  chain_bottom   ,  0.107,  237.4,    0.0, 0, 0
  14,  B,  chain_top      ,  0.107,  186.9,    0.0, 0, 0
   9,  A,  chain_bottom   ,  0.107,  237.4,    0.0, 0, 0
  15,  B,  chain_bottom   ,  0.107,  257.5,    0.0, 0, 0
  15,  B,  chain_top      ,  0.107,  184.3,    0.0, 0, 0
  15,  B,  chain_top      ,  0.107,  184.3,    0.0, 0, 0
  34,  A,  chain_bottom   ,  0.107,  229.6,    0.0, 0, 0
  34,  A,  chain_top      ,  0.107,  165.1,    0.0, 0, 0
  15,  C,  chain_bottom   ,  0.107,  237.9,    0.0, 0, 0
  16,  B,  chain_bottom   ,  0.107,  248.2,    0.0, 0, 0
  34,  B,  chain_top      ,  0.107,  167.8,    0.0, 0, 0
  34,  B,  chain_bottom   ,  0.107,  234.1,    0.0, 0, 0
  34,  B,  chain_bottom   ,  0.107,  234.1,    0.0, 0, 0
  34,  B,  chain_top      ,  0.107,  167.8,    0.0, 0, 0
  23,  A,  chain_top      ,  0.107,  189.4,    0.0, 0, 0
  24,  A,  chain_top      ,  0.107,  189.3,    0.0, 0, 0
  37,  A,  chain_top      ,  0.107,  189.1,    0.0, 0, 0
  37,  A,  chain_top      ,  0.107,  189.1,    0.0, 0, 0
   3,  B,  chain_bottom   ,  0.107,  232.9,    0.0, 0, 0
   9,  B,  chain_bottom   ,  0.107,  239.2,    0.0, 0, 0
  37,  A,  chain_bottom   ,  0.107,  263.0,    0.0, 0, 0
  16,  B,  chain_bottom   ,  0.107,  248.2,    0.0, 0, 0
   3,  B,  chain_top      ,  0.107,  167.1,    0.0, 0, 0
  23,  A,  chain_bottom   ,  0.107,  263.4,    0.0, 0, 0
  37,  A,  chain_bottom   ,  0.107,  263.0,    0.0, 0, 0
  23,  A,  chain_top      ,  0.107,  189.4,    0.0, 0, 0
  23,  A,  chain_bottom   ,  0.107,  263.4,    0.0, 0, 0
  24,  A,  chain_bottom   ,  0.107,  263.3,    0.0, 0, 0
  24,  A,  chain_top      ,  0.107,  189.3,    0.0, 0, 0
   3,  B,  chain_bottom   ,  0.107,  232.9,    0.0, 0, 0
   3,  B,  chain_top      ,  0.107,  167.1,    0.0, 0, 0
  36,  B,  chain_top      ,  0.107,  171.0,    0.0, 0, 0
  24,  A,  chain_bottom   ,  0.107,  263.3,    0.0, 0, 0
   9,  B,  chain_bottom   ,  0.107,  239.2,    0.0, 0, 0
  10,  B,  chain_top      ,  0.107,  170.8,    0.0, 0, 0
  16,  B,  chain_top      ,  0.107,  177.1,    0.0, 0, 0
  11,  B,  chain_bottom   ,  0.107,  246.2,    0.0, 0, 0
  11,  B,  chain_bottom   ,  0.107,  246.2,    0.0, 0, 0
  11,  B,  chain_top      ,  0.107,  175.6,    0.0, 0, 0
  11,  B,  chain_top      ,  0.107,  175.6,    0.0, 0, 0
  33,  C,  chain_top      ,  0.107,  165.6,    0.0, 0, 0
  33,  C,  chain_bottom   ,  0.107,  230.5,    0.0, 0, 0
  33,  C,  chain_bottom   ,  0.107,  230.5,    0.0, 0, 0
  16,  B,  chain_top      ,  0.107,  177.1,    0.0, 0, 0
  10,  B,  chain_bottom   ,  0.107,  239.0,    0.0, 0, 0
  36,  B,  chain_bottom   ,  0.107,  239.4,    0.0, 0, 0
   9,  B,  chain_top      ,  0.107,  170.9,    0.0, 0, 0
  36,  B,  chain_bottom   ,  0.107,  239.4,    0.0, 0, 0
  36,  B,  chain_top      ,  0.107,  171.0,    0.0, 0, 0
  10,  B,  chain_bottom   ,  0.107,  239.0,    0.0, 0, 0
   9,  B,  chain_top      ,  0.107,  170.9,    0.0, 0, 0
  33,  C,  chain_top      ,  0.107,  165.6,    0.0, 0, 0
  10,  B,  chain_top      ,  0.107,  170.8,    0.0, 0, 0
   5,  B,  chain_top      ,  0.111,  188.4,    0.0, 0, 0
  31,  A,  chain_top      ,  0.111,  200.8,    0.0, 0, 0
  28,  A,  chain_top      ,  0.111,  200.8,    0.0, 0, 0
  27,  C,  chain_top      ,  0.111,  187.1,    0.0, 0, 0
  21,  C,  chain_top      ,  0.111,  188.2,    0.0, 0, 0
  20,  C,  chain_top      ,  0.111,  186.1,    0.0, 0, 0
  31,  A,  chain_bottom   ,  0.111,  274.9,    0.0, 0, 0
  37,  B,  chain_bottom   ,  0.111,  262.0,    0.0, 0, 0
  37,  B,  chain_top      ,  0.111,  188.2,    0.0, 0, 0
  38,  B,  chain_top      ,  0.111,  187.9,    0.0, 0, 0
   8,  A,  chain_top      ,  0.111,  167.2,    0.0, 0, 0
  27,  C,  chain_bottom   ,  0.111,  260.8,    0.0, 0, 0
  38,  B,  chain_bottom   ,  0.111,  261.7,    0.0, 0, 0
  21,  C,  chain_bottom   ,  0.111,  262.0,    0.0, 0, 0
  28,  A,  chain_bottom   ,  0.111,  274.9,    0.0, 0, 0
  21,  B,  chain_bottom   ,  0.111,  262.1,    0.0, 0, 0
  20,  C,  chain_bottom   ,  0.111,  259.6,    0.0, 0, 0
   5,  B,  chain_bottom   ,  0.111,  262.2,    0.0, 0, 0
  18,  A,  chain_bottom   ,  0.111,  231.3,    0.0, 0, 0
   4,  A,  chain_top      ,  0.111,  166.6,    0.0, 0, 0
   4,  A,  chain_top      ,  0.111,  166.6,    0.0, 0, 0
   4,  A,  chain_bottom   ,  0.111,  232.2,    0.0, 0, 0
  18,  A,  chain_top      ,  0.111,  166.1,    0.0, 0, 0
  18,  A,  chain_top      ,  0.111,  166.1,    0.0, 0, 0
  18,  A,  chain_bottom   ,  0.111,  231.3,    0.0, 0, 0
   4,  A,  chain_bottom   ,  0.111,  232.2,    0.0, 0, 0
   8,  A,  chain_bottom   ,  0.111,  233.1,    0.0, 0, 0
  21,  B,  chain_top      ,  0.111,  188.3,    0.0, 0, 0
   8,  A,  chain_top      ,  0.111,  167.2,    0.0, 0, 0
  38,  C,  chain_top      ,  0.111,  196.7,    0.0, 0, 0
  22,  C,  chain_bottom   ,  0.111,  265.2,    0.0, 0, 0
   8,  A,  chain_bottom   ,  0.111,  233.1,    0.0, 0, 0
  26,  C,  chain_bottom   ,  0.111,  271.8,    0.0, 0, 0
  25,  C,  chain_bottom   ,  0.111,  272.0,    0.0, 0, 0
  25,  C,  chain_top      ,  0.111,  197.8,    0.0, 0, 0
  37,  C,  chain_top      ,  0.111,  200.6,    0.0, 0, 0
  24,  C,  chain_bottom   ,  0.111,  272.5,    0.0, 0, 0
  24,  C,  chain_top      ,  0.111,  198.3,    0.0, 0, 0
  26,  C,  chain_top      ,  0.111,  197.6,    0.0, 0, 0
  24,  B,  chain_top      ,  0.111,  192.6,    0.0, 0, 0
  37,  C,  chain_bottom   ,  0.111,  274.6,    0.0, 0, 0
  38,  C,  chain_bottom   ,  0.111,  270.9,    0.0, 0, 0
  19,  A,  chain_bottom   ,  0.111,  239.7,    0.0, 0, 0
  19,  A,  chain_top      ,  0.111,  171.2,    0.0, 0, 0
  24,  B,  chain_bottom   ,  0.111,  266.8,    0.0, 0, 0
  19,  A,  chain_top      ,  0.111,  171.2,    0.0, 0, 0
   6,  C,  chain_top      ,  0.111,  191.9,    0.0, 0, 0
  19,  A,  chain_bottom   ,  0.111,  239.7,    0.0, 0, 0
  29,  A,  chain_bottom   ,  0.111,  277.4,    0.0, 0, 0
   6,  C,  chain_bottom   ,  0.111,  266.1,    0.0, 0, 0
  29,  A,  chain_top      ,  0.111,  203.6,    0.0, 0, 0
  22,  C,  chain_top      ,  0.111,  191.1,    0.0, 0, 0
  39,  C,  chain_top      ,  0.111,  196.3,    0.0, 0, 0
  30,  A,  chain_bottom   ,  0.111,  277.9,    0.0, 0, 0
  23,  C,  chain_top      ,  0.111,  195.5,    0.0, 0, 0
  30,  A,  chain_top      ,  0.111,  204.3,    0.0, 0, 0
  39,  C,  chain_bottom   ,  0.111,  270.6,    0.0, 0, 0
  23,  C,  chain_bottom   ,  0.111,  269.8,    0.0, 0, 0
  12,  A,  chain_top      ,  0.123,  183.5,    0.0, 0, 0
   7,  B,  chain_top      ,  0.123,  176.7,    0.0, 0, 0
  18,  B,  chain_bottom   ,  0.123,  244.8,    0.0, 0, 0
  12,  A,  chain_bottom   ,  0.123,  256.5,    0.0, 0, 0
  15,  A,  chain_top      ,  0.123,  187.9,    0.0, 0, 0
  35,  A,  chain_bottom   ,  0.123,  261.1,    0.0, 0, 0
   7,  B,  chain_bottom   ,  0.123,  247.7,    0.0, 0, 0
  15,  A,  chain_bottom   ,  0.123,  261.7,    0.0, 0, 0
   4,  C,  chain_bottom   ,  0.123,  237.3,    0.0, 0, 0
  36,  A,  chain_top      ,  0.123,  188.5,    0.0, 0, 0
   4,  C,  chain_top      ,  0.123,  169.7,    0.0, 0, 0
   4,  B,  chain_top      ,  0.123,  177.8,    0.0, 0, 0
   4,  B,  chain_bottom   ,  0.123,  249.2,    0.0, 0, 0
  31,  C,  chain_top      ,  0.123,  190.6,    0.0, 0, 0
  36,  A,  chain_bottom   ,  0.123,  262.4,    0.0, 0, 0
  31,  C,  chain_bottom   ,  0.123,  264.6,    0.0, 0, 0
  18,  B,  chain_top      ,  0.123,  174.7,    0.0, 0, 0
  35,  A,  chain_top      ,  0.123,  187.4,    0.0, 0, 0
  33,  A,  chain_bottom   ,  0.123,  253.8,    0.0, 0, 0
  30,  B,  chain_bottom   ,  0.123,  274.4,    0.0, 0, 0
  11,  A,  chain_bottom   ,  0.123,  253.9,    0.0, 0, 0
  17,  A,  chain_top      ,  0.123,  158.1,    0.0, 0, 0
   8,  B,  chain_bottom   ,  0.123,  237.3,    0.0, 0, 0
   8,  B,  chain_top      ,  0.123,  169.7,    0.0, 0, 0
  12,  C,  chain_top      ,  0.123,  183.3,    0.0, 0, 0
  12,  C,  chain_bottom   ,  0.123,  256.3,    0.0, 0, 0
  29,  B,  chain_top      ,  0.123,  199.7,    0.0, 0, 0
  29,  B,  chain_bottom   ,  0.123,  273.8,    0.0, 0, 0
  31,  B,  chain_top      ,  0.123,  201.3,    0.0, 0, 0
  31,  B,  chain_bottom   ,  0.123,  275.3,    0.0, 0, 0
  30,  B,  chain_top      ,  0.123,  200.3,    0.0, 0, 0
  13,  C,  chain_bottom   ,  0.123,  258.1,    0.0, 0, 0
  27,  B,  chain_bottom   ,  0.123,  242.8,    0.0, 0, 0
  33,  A,  chain_top      ,  0.123,  181.3,    0.0, 0, 0
  17,  C,  chain_bottom   ,  0.123,  219.6,    0.0, 0, 0
  11,  A,  chain_top      ,  0.123,  181.4,    0.0, 0, 0
  17,  C,  chain_top      ,  0.123,  159.8,    0.0, 0, 0
  27,  B,  chain_top      ,  0.123,  173.3,    0.0, 0, 0
  13,  C,  chain_top      ,  0.123,  184.8,    0.0, 0, 0
  17,  A,  chain_top      ,  0.123,  158.1,    0.0, 0, 0
  16,  A,  chain_bottom   ,  0.123,  265.4,    0.0, 0, 0
  17,  A,  chain_bottom   ,  0.123,  216.2,    0.0, 0, 0
  20,  B,  chain_top      ,  0.123,  185.3,    0.0, 0, 0
  29,  C,  chain_top      ,  0.123,  197.0,    0.0, 0, 0
  19,  C,  chain_top      ,  0.123,  180.9,    0.0, 0, 0
  20,  B,  chain_bottom   ,  0.123,  258.7,    0.0, 0, 0
  28,  C,  chain_top      ,  0.123,  198.4,    0.0, 0, 0
  28,  C,  chain_bottom   ,  0.123,  272.5,    0.0, 0, 0
  19,  C,  chain_bottom   ,  0.123,  253.2,    0.0, 0, 0
   5,  C,  chain_top      ,  0.123,  179.3,    0.0, 0, 0
  38,  A,  chain_bottom   ,  0.123,  228.4,    0.0, 0, 0
  38,  A,  chain_bottom   ,  0.123,  228.4,    0.0, 0, 0
  38,  A,  chain_top      ,  0.123,  164.5,    0.0, 0, 0
   7,  C,  chain_top      ,  0.123,  185.2,    0.0, 0, 0
   7,  C,  chain_bottom   ,  0.123,  258.6,    0.0, 0, 0
  30,  C,  chain_bottom   ,  0.123,  273.6,    0.0, 0, 0
   8,  C,  chain_top      ,  0.123,  182.8,    0.0, 0, 0
   8,  C,  chain_bottom   ,  0.123,  255.7,    0.0, 0, 0
  38,  A,  chain_top      ,  0.123,  164.5,    0.0, 0, 0
  29,  C,  chain_bottom   ,  0.123,  271.3,    0.0, 0, 0
  30,  C,  chain_top      ,  0.123,  199.5,    0.0, 0, 0
  32,  A,  chain_bottom   ,  0.123,  268.4,    0.0, 0, 0
  17,  A,  chain_bottom   ,  0.123,  216.2,    0.0, 0, 0
  14,  A,  chain_bottom   ,  0.123,  265.1,    0.0, 0, 0
  14,  A,  chain_top      ,  0.123,  191.0,    0.0, 0, 0
  13,  A,  chain_top      ,  0.123,  190.1,    0.0, 0, 0
   5,  C,  chain_bottom   ,  0.123,  251.1,    0.0, 0, 0
  13,  A,  chain_bottom   ,  0.123,  264.1,    0.0, 0, 0
  11,  C,  chain_bottom   ,  0.123,  268.5,    0.0, 0, 0
  18,  C,  chain_top      ,  0.123,  173.8,    0.0, 0, 0
  16,  A,  chain_top      ,  0.123,  191.3,    0.0, 0, 0
  26,  B,  chain_top      ,  0.123,  181.8,    0.0, 0, 0
   6,  B,  chain_top      ,  0.123,  181.6,    0.0, 0, 0
  11,  C,  chain_top      ,  0.123,  194.2,    0.0, 0, 0
   6,  B,  chain_bottom   ,  0.123,  254.1,    0.0, 0, 0
  32,  A,  chain_top      ,  0.123,  194.1,    0.0, 0, 0
  19,  B,  chain_bottom   ,  0.123,  254.1,    0.0, 0, 0
  19,  B,  chain_top      ,  0.123,  181.6,    0.0, 0, 0
  26,  B,  chain_bottom   ,  0.123,  254.4,    0.0, 0, 0
  18,  C,  chain_bottom   ,  0.123,  243.6,    0.0, 0, 0
  17,  B,  chain_top      ,  0.127,  164.4,    0.0, 0, 0
  12,  B,  chain_bottom   ,  0.127,  263.2,    0.0, 0, 0
  12,  B,  chain_top      ,  0.127,  189.2,    0.0, 0, 0
  17,  B,  chain_bottom   ,  0.127,  228.3,    0.0, 0, 0
  10,  A,  chain_bottom   ,  0.127,  243.8,    0.0, 0, 0
  14,  C,  chain_bottom   ,  0.127,  250.6,    0.0, 0, 0
  10,  A,  chain_top      ,  0.127,  174.0,    0.0, 0, 0
  14,  C,  chain_top      ,  0.127,  178.9,    0.0, 0, 0
   3,  A,  chain_top      ,  0.127,  176.3,    0.0, 0, 0
  28,  B,  chain_top      ,  0.127,  194.3,    0.0, 0, 0
  32,  C,  chain_top      ,  0.127,  180.3,    0.0, 0, 0
   3,  A,  chain_bottom   ,  0.127,  247.1,    0.0, 0, 0
   2,  A,  chain_bottom   ,  0.127,  246.2,    0.0, 0, 0
  28,  B,  chain_bottom   ,  0.127,  268.5,    0.0, 0, 0
  32,  C,  chain_bottom   ,  0.127,  252.4,    0.0, 0, 0
  32,  B,  chain_bottom   ,  0.127,  270.2,    0.0, 0, 0
  32,  B,  chain_top      ,  0.127,  195.9,    0.0, 0, 0
   2,  A,  chain_top      ,  0.127,  175.6,    0.0, 0, 0
   9,  C,  polyester      ,  0.205,  979.5,    0.0, 0, 0
   1,  C,  polyester      ,  0.205, 1140.6,    0.0, 0, 0
   2,  B,  polyester      ,  0.205, 1065.4,    0.0, 0, 0
   2,  C,  polyester      ,  0.205, 1097.2,    0.0, 0, 0
   3,  B,  polyester      ,  0.205, 1013.6,    0.0, 0, 0
   3,  C,  polyester      ,  0.205, 1115.9,    0.0, 0, 0
   4,  A,  polyester      ,  0.205, 1087.8,    0.0, 0, 0
  38,  A,  polyester      ,  0.205,  993.6,    0.0, 0, 0
   4,  C,  polyester      ,  0.205,  970.0,    0.0, 0, 0
   1,  A,  polyester      ,  0.205,  970.2,    0.0, 0, 0
   8,  B,  polyester      ,  0.205,  963.5,    0.0, 0, 0
   9,  A,  polyester      ,  0.205,  981.6,    0.0, 0, 0
   8,  A,  polyester      ,  0.205, 1030.7,    0.0, 0, 0
   9,  B,  polyester      ,  0.205,  983.2,    0.0, 0, 0
   1,  B,  polyester      ,  0.205, 1059.2,    0.0, 0, 0
  34,  A,  polyester      ,  0.205, 1020.8,    0.0, 0, 0
  16,  C,  polyester      ,  0.205,  972.9,    0.0, 0, 0
  33,  C,  polyester      ,  0.205, 1016.1,    0.0, 0, 0
  36,  C,  polyester      ,  0.205, 1087.9,    0.0, 0, 0
  34,  B,  polyester      ,  0.205, 1010.2,    0.0, 0, 0
  10,  B,  polyester      ,  0.205,  985.1,    0.0, 0, 0
  10,  C,  polyester      ,  0.205,  968.5,    0.0, 0, 0
  35,  C,  polyester      ,  0.205, 1085.6,    0.0, 0, 0
  34,  C,  polyester      ,  0.205, 1092.3,    0.0, 0, 0
  15,  C,  polyester      ,  0.205,  980.6,    0.0, 0, 0
  35,  B,  polyester      ,  0.205, 1021.1,    0.0, 0, 0
  17,  A,  polyester      ,  0.205, 1086.8,    0.0, 0, 0
  17,  B,  polyester      ,  0.205,  988.5,    0.0, 0, 0
  17,  C,  polyester      ,  0.205, 1004.8,    0.0, 0, 0
  18,  A,  polyester      ,  0.205, 1034.2,    0.0, 0, 0
  19,  A,  polyester      ,  0.205,  999.1,    0.0, 0, 0
  36,  B,  polyester      ,  0.205,  984.0,    0.0, 0, 0
   6,  A,  polyester      ,  0.207,  973.0,    0.0, 0, 0
  20,  A,  polyester      ,  0.207,  953.6,    0.0, 0, 0
  18,  B,  polyester      ,  0.207,  929.5,    0.0, 0, 0
  18,  C,  polyester      ,  0.207,  931.1,    0.0, 0, 0
   5,  C,  polyester      ,  0.207,  939.4,    0.0, 0, 0
  19,  B,  polyester      ,  0.207,  892.2,    0.0, 0, 0
  19,  C,  polyester      ,  0.207,  893.1,    0.0, 0, 0
  20,  B,  polyester      ,  0.207,  876.7,    0.0, 0, 0
  12,  A,  polyester      ,  0.207,  894.1,    0.0, 0, 0
  21,  B,  polyester      ,  0.207,  858.1,    0.0, 0, 0
  21,  C,  polyester      ,  0.207,  858.8,    0.0, 0, 0
   6,  C,  polyester      ,  0.207,  842.0,    0.0, 0, 0
  14,  C,  polyester      ,  0.207,  922.4,    0.0, 0, 0
  14,  B,  polyester      ,  0.207,  885.7,    0.0, 0, 0
  16,  B,  polyester      ,  0.207,  942.8,    0.0, 0, 0
  10,  A,  polyester      ,  0.207,  952.5,    0.0, 0, 0
   8,  C,  polyester      ,  0.207,  885.6,    0.0, 0, 0
  36,  A,  polyester      ,  0.207,  868.2,    0.0, 0, 0
  21,  A,  polyester      ,  0.207,  926.6,    0.0, 0, 0
  16,  A,  polyester      ,  0.207,  853.3,    0.0, 0, 0
  37,  C,  polyester      ,  0.207,  800.8,    0.0, 0, 0
  15,  B,  polyester      ,  0.207,  899.8,    0.0, 0, 0
  11,  A,  polyester      ,  0.207,  905.4,    0.0, 0, 0
  40,  A,  polyester      ,  0.207,  917.9,    0.0, 0, 0
   2,  A,  polyester      ,  0.207,  942.9,    0.0, 0, 0
   3,  A,  polyester      ,  0.207,  937.9,    0.0, 0, 0
   4,  B,  polyester      ,  0.207,  948.9,    0.0, 0, 0
  40,  C,  polyester      ,  0.207,  764.7,    0.0, 0, 0
  40,  B,  polyester      ,  0.207,  822.8,    0.0, 0, 0
   5,  A,  polyester      ,  0.207, 1003.4,    0.0, 0, 0
  39,  C,  polyester      ,  0.207,  901.1,    0.0, 0, 0
  35,  A,  polyester      ,  0.207,  873.6,    0.0, 0, 0
  39,  B,  polyester      ,  0.207,  800.0,    0.0, 0, 0
  39,  A,  polyester      ,  0.207,  998.0,    0.0, 0, 0
  38,  C,  polyester      ,  0.207,  820.1,    0.0, 0, 0
  38,  B,  polyester      ,  0.207,  948.9,    0.0, 0, 0
  37,  B,  polyester      ,  0.207,  852.8,    0.0, 0, 0
  37,  A,  polyester      ,  0.207,  880.9,    0.0, 0, 0
   5,  B,  polyester      ,  0.207,  855.5,    0.0, 0, 0
  15,  A,  polyester      ,  0.207,  871.0,    0.0, 0, 0
  22,  B,  polyester      ,  0.207,  830.8,    0.0, 0, 0
   6,  B,  polyester      ,  0.207,  900.0,    0.0, 0, 0
  11,  B,  polyester      ,  0.207,  950.7,    0.0, 0, 0
   7,  C,  polyester      ,  0.207,  885.9,    0.0, 0, 0
  12,  B,  polyester      ,  0.207,  871.7,    0.0, 0, 0
  31,  A,  polyester      ,  0.207,  809.3,    0.0, 0, 0
  31,  B,  polyester      ,  0.207,  816.7,    0.0, 0, 0
  31,  C,  polyester      ,  0.207,  856.0,    0.0, 0, 0
  32,  A,  polyester      ,  0.207,  839.0,    0.0, 0, 0
  27,  A,  polyester      ,  0.207, 1014.2,    0.0, 0, 0
  32,  B,  polyester      ,  0.207,  840.8,    0.0, 0, 0
  25,  A,  polyester      ,  0.207,  892.7,    0.0, 0, 0
  33,  B,  polyester      ,  0.207,  885.5,    0.0, 0, 0
  33,  A,  polyester      ,  0.207,  906.4,    0.0, 0, 0
  26,  B,  polyester      ,  0.207,  921.5,    0.0, 0, 0
  26,  A,  polyester      ,  0.207,  942.2,    0.0, 0, 0
  23,  B,  polyester      ,  0.207,  836.9,    0.0, 0, 0
  25,  C,  polyester      ,  0.207,  815.8,    0.0, 0, 0
  25,  B,  polyester      ,  0.207,  855.3,    0.0, 0, 0
  23,  C,  polyester      ,  0.207,  823.3,    0.0, 0, 0
  24,  C,  polyester      ,  0.207,  820.3,    0.0, 0, 0
  24,  A,  polyester      ,  0.207,  899.2,    0.0, 0, 0
  24,  B,  polyester      ,  0.207,  836.5,    0.0, 0, 0
  11,  C,  polyester      ,  0.207,  840.4,    0.0, 0, 0
  30,  C,  polyester      ,  0.207,  815.0,    0.0, 0, 0
  30,  B,  polyester      ,  0.207,  820.5,    0.0, 0, 0
  26,  C,  polyester      ,  0.207,  837.0,    0.0, 0, 0
  32,  C,  polyester      ,  0.207,  913.7,    0.0, 0, 0
  14,  A,  polyester      ,  0.207,  854.9,    0.0, 0, 0
  30,  A,  polyester      ,  0.207,  794.9,    0.0, 0, 0
  12,  C,  polyester      ,  0.207,  896.5,    0.0, 0, 0
  13,  A,  polyester      ,  0.207,  859.5,    0.0, 0, 0
  13,  B,  polyester      ,  0.207,  905.1,    0.0, 0, 0
   7,  B,  polyester      ,  0.207,  918.0,    0.0, 0, 0
   7,  A,  polyester      ,  0.207,  984.9,    0.0, 0, 0
  22,  A,  polyester      ,  0.207,  897.2,    0.0, 0, 0
  20,  C,  polyester      ,  0.207,  870.9,    0.0, 0, 0
  22,  C,  polyester      ,  0.207,  844.9,    0.0, 0, 0
  13,  C,  polyester      ,  0.207,  887.3,    0.0, 0, 0
  27,  B,  polyester      ,  0.207,  991.4,    0.0, 0, 0
  27,  C,  polyester      ,  0.207,  889.8,    0.0, 0, 0
  28,  A,  polyester      ,  0.207,  809.5,    0.0, 0, 0
  23,  A,  polyester      ,  0.207,  889.8,    0.0, 0, 0
  28,  B,  polyester      ,  0.207,  847.9,    0.0, 0, 0
  28,  C,  polyester      ,  0.207,  820.3,    0.0, 0, 0
  29,  A,  polyester      ,  0.207,  797.8,    0.0, 0, 0
  29,  B,  polyester      ,  0.207,  822.8,    0.0, 0, 0
  29,  C,  polyester      ,  0.207,  825.6,    0.0, 0, 0
  37,  C,  suction_anchor ,  2.221,    8.2,   39.2, 0, 0
  11,  A,  suction_anchor ,  2.807,    7.7,   32.4, 0, 0
  25,  C,  suction_anchor ,  2.813,    7.9,   32.4, 0, 0
  34,  C,  suction_anchor ,  2.850,   16.5,   65.2, 0, 0
  39,  B,  suction_anchor ,  2.850,   14.2,   46.2, 0, 0
  28,  B,  suction_anchor ,  2.850,   15.4,   46.2, 0, 0
  32,  A,  suction_anchor ,  2.850,   15.7,   46.7, 0, 0
  35,  A,  suction_anchor ,  2.850,   15.8,   50.7, 0, 0
  29,  B,  suction_anchor ,  2.850,   15.3,   32.4, 0, 0
  35,  B,  suction_anchor ,  2.850,   16.0,   72.0, 0, 0
  30,  A,  suction_anchor ,  2.850,   15.6,   43.6, 0, 0
  36,  A,  suction_anchor ,  2.850,   15.8,   50.8, 0, 0
  36,  B,  suction_anchor ,  2.850,   15.9,   66.2, 0, 0
  36,  C,  suction_anchor ,  2.850,   16.4,   65.2, 0, 0
  37,  B,  suction_anchor ,  2.850,   14.4,   42.1, 0, 0
  38,  B,  suction_anchor ,  2.850,   14.8,   42.1, 0, 0
  38,  C,  suction_anchor ,  2.850,   14.2,   45.9, 0, 0
  39,  C,  suction_anchor ,  2.850,   14.9,   45.9, 0, 0
  18,  C,  suction_anchor ,  2.850,   14.7,   61.9, 0, 0
  35,  C,  suction_anchor ,  2.850,   16.4,   71.4, 0, 0
  19,  B,  suction_anchor ,  2.850,   14.5,   41.9, 0, 0
  26,  B,  suction_anchor ,  2.850,   14.7,   45.7, 0, 0
  20,  B,  suction_anchor ,  2.850,   14.5,   42.0, 0, 0
  40,  B,  suction_anchor ,  2.850,   14.3,   46.2, 0, 0
  26,  C,  suction_anchor ,  2.850,   15.6,   45.9, 0, 0
  27,  A,  suction_anchor ,  2.850,   13.6,   65.2, 0, 0
  27,  B,  suction_anchor ,  2.850,   14.9,   75.0, 0, 0
  27,  C,  suction_anchor ,  2.850,   15.8,   42.0, 0, 0
  28,  A,  suction_anchor ,  2.850,   15.7,   46.9, 0, 0
  26,  A,  suction_anchor ,  2.850,   13.4,   40.2, 0, 0
  29,  A,  suction_anchor ,  2.850,   15.7,   47.0, 0, 0
  19,  C,  suction_anchor ,  2.850,   14.5,   45.7, 0, 0
  25,  B,  suction_anchor ,  2.850,   14.5,   42.3, 0, 0
  24,  B,  suction_anchor ,  2.850,   14.4,   42.2, 0, 0
  23,  C,  suction_anchor ,  2.850,   15.6,   39.2, 0, 0
  23,  B,  suction_anchor ,  2.850,   14.4,   42.3, 0, 0
  22,  C,  suction_anchor ,  2.850,   14.3,   42.0, 0, 0
  22,  B,  suction_anchor ,  2.850,   14.3,   46.1, 0, 0
  21,  C,  suction_anchor ,  2.850,   14.4,   42.0, 0, 0
  21,  B,  suction_anchor ,  2.850,   14.4,   39.2, 0, 0
  20,  C,  suction_anchor ,  2.850,   14.4,   39.0, 0, 0
  24,  C,  suction_anchor ,  2.850,   15.6,   42.1, 0, 0
  40,  C,  suction_anchor ,  2.850,   13.9,   46.1, 0, 0
  17,  A,  suction_anchor ,  2.850,   13.7,   64.2, 0, 0
  33,  B,  suction_anchor ,  2.850,   15.6,   42.6, 0, 0
  10,  A,  suction_anchor ,  2.850,   16.1,   67.0, 0, 0
   7,  B,  suction_anchor ,  2.850,   14.6,   41.8, 0, 0
  34,  B,  suction_anchor ,  2.850,   16.0,   72.2, 0, 0
  33,  C,  suction_anchor ,  2.850,   16.2,   72.3, 0, 0
  12,  A,  suction_anchor ,  2.850,   15.9,   50.5, 0, 0
  13,  A,  suction_anchor ,  2.850,   15.7,   43.2, 0, 0
  13,  B,  suction_anchor ,  2.850,   15.6,   45.7, 0, 0
   9,  B,  suction_anchor ,  2.850,   15.9,   72.4, 0, 0
  14,  A,  suction_anchor ,  2.850,   15.7,   46.6, 0, 0
  14,  C,  suction_anchor ,  2.850,   15.9,   46.0, 0, 0
  15,  A,  suction_anchor ,  2.850,   15.7,   46.4, 0, 0
  15,  B,  suction_anchor ,  2.850,   15.6,   50.0, 0, 0
  15,  C,  suction_anchor ,  2.850,   16.1,   72.8, 0, 0
  34,  A,  suction_anchor ,  2.850,   16.3,   72.4, 0, 0
  16,  B,  suction_anchor ,  2.850,   15.8,   49.6, 0, 0
  16,  C,  suction_anchor ,  2.850,   16.1,   72.9, 0, 0
  14,  B,  suction_anchor ,  2.850,   15.6,   50.1, 0, 0
   9,  A,  suction_anchor ,  2.850,   16.2,   72.9, 0, 0
  11,  B,  suction_anchor ,  2.850,   15.8,   72.8, 0, 0
   8,  B,  suction_anchor ,  2.850,   14.8,   61.5, 0, 0
  33,  A,  suction_anchor ,  2.850,   15.9,   46.2, 0, 0
  32,  B,  suction_anchor ,  2.850,   15.4,   46.2, 0, 0
   8,  C,  suction_anchor ,  2.850,   15.7,   45.7, 0, 0
  31,  B,  suction_anchor ,  2.850,   15.3,   46.4, 0, 0
  31,  A,  suction_anchor ,  2.850,   15.7,   51.3, 0, 0
  30,  B,  suction_anchor ,  2.850,   15.3,   43.0, 0, 0
  18,  B,  suction_anchor ,  2.850,   14.7,   67.5, 0, 0
  16,  A,  suction_anchor ,  2.850,   15.7,   43.2, 0, 0
  17,  C,  suction_anchor ,  2.850,   15.0,   74.5, 0, 0
  10,  B,  suction_anchor ,  2.850,   15.9,   72.4, 0, 0
   4,  A,  suction_anchor ,  2.850,   15.8,   59.3, 0, 0
   5,  B,  suction_anchor ,  2.850,   14.4,   42.1, 0, 0
   5,  C,  suction_anchor ,  2.850,   15.9,   45.6, 0, 0
   6,  B,  suction_anchor ,  2.850,   14.6,   41.9, 0, 0
   6,  C,  suction_anchor ,  2.850,   15.6,   45.9, 0, 0
   7,  C,  suction_anchor ,  2.850,   15.7,   45.7, 0, 0
   8,  A,  suction_anchor ,  2.850,   13.6,   64.8, 0, 0
  17,  B,  suction_anchor ,  2.850,   14.8,   61.2, 0, 0
  12,  B,  suction_anchor ,  3.016,    7.5,   32.4, 0, 0
   1,  B,  suction_anchor ,  3.250,   18.9,   79.6, 0, 0
   1,  C,  suction_anchor ,  3.250,   19.5,   78.5, 0, 0
   2,  A,  suction_anchor ,  3.250,   18.7,   73.4, 0, 0
   2,  B,  suction_anchor ,  3.250,   18.9,   79.6, 0, 0
   1,  A,  suction_anchor ,  3.250,   18.9,   73.1, 0, 0
   3,  A,  suction_anchor ,  3.250,   18.7,   73.5, 0, 0
   3,  B,  suction_anchor ,  3.250,   18.7,   72.1, 0, 0
   4,  B,  suction_anchor ,  3.250,   17.3,   45.6, 0, 0
   3,  C,  suction_anchor ,  3.250,   19.4,   64.9, 0, 0
   2,  C,  suction_anchor ,  3.250,   19.3,   71.2, 0, 0
   4,  C,  suction_anchor ,  3.250,   18.7,   61.7, 0, 0
